<?xml version="1.0" encoding="utf-8"?>
<extension version="3.0" client="administrator" type="language" method="upgrade">
	<name>English (United States)</name>
	<tag>en-US</tag>
	<version>3.0.1.1</version>
	<creationDate>2012-10-18</creationDate>
	<author>Aussiesrus - Australia</author>
	<authorEmail>admin@aussiesrus.com.au</authorEmail>
	<authorUrl>www.aussiesrus.com.au</authorUrl>
	<copyright>Copyright (C) 2005 - 2012 Open Source Matters. All rights reserved.</copyright>
	<license>GNU General Public License version 2 or later; see LICENSE.txt</license>
	<description>en-US administrator language</description>
	<files>
		<filename>index.html</filename>
		<filename>en-US.com_admin.ini</filename>
		<filename>en-US.com_admin.sys.ini</filename>
		<filename>en-US.com_banners.ini</filename>
		<filename>en-US.com_banners.sys.ini</filename>
		<filename>en-US.com_cache.ini</filename>
		<filename>en-US.com_cache.sys.ini</filename>
		<filename>en-US.com_categories.ini</filename>
		<filename>en-US.com_categories.sys.ini</filename>
		<filename>en-US.com_checkin.ini</filename>
		<filename>en-US.com_checkin.sys.ini</filename>
		<filename>en-US.com_config.ini</filename>
		<filename>en-US.com_config.sys.ini</filename>
		<filename>en-US.com_contact.ini</filename>
		<filename>en-US.com_contact.sys.ini</filename>
		<filename>en-US.com_content.ini</filename>
		<filename>en-US.com_content.sys.ini</filename>
		<filename>en-US.com_cpanel.ini</filename>
		<filename>en-US.com_cpanel.sys.ini</filename>
		<filename>en-US.com_finder.ini</filename>
		<filename>en-US.com_finder.sys.ini</filename>
		<filename>en-US.com_installer.ini</filename>
		<filename>en-US.com_installer.sys.ini</filename>
		<filename>en-US.com_joomlaupdate.ini</filename>
		<filename>en-US.com_joomlaupdate.sys.ini</filename>
		<filename>en-US.com_languages.ini</filename>
		<filename>en-US.com_languages.sys.ini</filename>
		<filename>en-US.com_login.ini</filename>
		<filename>en-US.com_login.sys.ini</filename>
		<filename>en-US.com_mailto.sys.ini</filename>
		<filename>en-US.com_media.ini</filename>
		<filename>en-US.com_media.sys.ini</filename>
		<filename>en-US.com_menus.ini</filename>
		<filename>en-US.com_menus.sys.ini</filename>
		<filename>en-US.com_messages.ini</filename>
		<filename>en-US.com_messages.sys.ini</filename>
		<filename>en-US.com_modules.ini</filename>
		<filename>en-US.com_modules.sys.ini</filename>
		<filename>en-US.com_newsfeeds.ini</filename>
		<filename>en-US.com_newsfeeds.sys.ini</filename>
		<filename>en-US.com_plugins.ini</filename>
		<filename>en-US.com_plugins.sys.ini</filename>
		<filename>en-US.com_redirect.ini</filename>
		<filename>en-US.com_redirect.sys.ini</filename>
		<filename>en-US.com_search.ini</filename>
		<filename>en-US.com_search.sys.ini</filename>
		<filename>en-US.com_templates.ini</filename>
		<filename>en-US.com_templates.sys.ini</filename>
		<filename>en-US.com_users.ini</filename>
		<filename>en-US.com_users.sys.ini</filename>
		<filename>en-US.com_weblinks.ini</filename>
		<filename>en-US.com_weblinks.sys.ini</filename>
		<filename>en-US.com_wrapper.ini</filename>
		<filename>en-US.com_wrapper.sys.ini</filename>
		<filename>en-US.ini</filename>
		<filename>en-US.lib_joomla.ini</filename>
		<filename>en-US.localise.php</filename>
		<filename>en-US.mod_custom.ini</filename>
		<filename>en-US.mod_custom.sys.ini</filename>
		<filename>en-US.mod_feed.ini</filename>
		<filename>en-US.mod_feed.sys.ini</filename>
		<filename>en-US.mod_latest.ini</filename>
		<filename>en-US.mod_latest.sys.ini</filename>
		<filename>en-US.mod_logged.ini</filename>
		<filename>en-US.mod_logged.sys.ini</filename>
		<filename>en-US.mod_login.ini</filename>
		<filename>en-US.mod_login.sys.ini</filename>
		<filename>en-US.mod_menu.ini</filename>
		<filename>en-US.mod_menu.sys.ini</filename>
		<filename>en-US.mod_multilangstatus.ini</filename>
		<filename>en-US.mod_multilangstatus.sys.ini</filename>
		<filename>en-US.mod_popular.ini</filename>
		<filename>en-US.mod_popular.sys.ini</filename>
		<filename>en-US.mod_quickicon.ini</filename>
		<filename>en-US.mod_quickicon.sys.ini</filename>
		<filename>en-US.mod_stats_admin.ini</filename>
		<filename>en-US.mod_stats_admin.sys.ini</filename>
		<filename>en-US.mod_status.ini</filename>
		<filename>en-US.mod_status.sys.ini</filename>
		<filename>en-US.mod_submenu.ini</filename>
		<filename>en-US.mod_submenu.sys.ini</filename>
		<filename>en-US.mod_title.ini</filename>
		<filename>en-US.mod_title.sys.ini</filename>
		<filename>en-US.mod_toolbar.ini</filename>
		<filename>en-US.mod_toolbar.sys.ini</filename>
		<filename>en-US.mod_version.ini</filename>
		<filename>en-US.mod_version.sys.ini</filename>
		<filename>en-US.plg_authentication_gmail.ini</filename>
		<filename>en-US.plg_authentication_gmail.sys.ini</filename>
		<filename>en-US.plg_authentication_joomla.ini</filename>
		<filename>en-US.plg_authentication_joomla.sys.ini</filename>
		<filename>en-US.plg_authentication_ldap.ini</filename>
		<filename>en-US.plg_authentication_ldap.sys.ini</filename>
		<filename>en-US.plg_captcha_recaptcha.ini</filename>
		<filename>en-US.plg_captcha_recaptcha.sys.ini</filename>
		<filename>en-US.plg_content_emailcloak.ini</filename>
		<filename>en-US.plg_content_emailcloak.sys.ini</filename>
		<filename>en-US.plg_content_finder.ini</filename>
		<filename>en-US.plg_content_finder.sys.ini</filename>
		<filename>en-US.plg_content_geshi.ini</filename>
		<filename>en-US.plg_content_geshi.sys.ini</filename>
		<filename>en-US.plg_content_joomla.ini</filename>
		<filename>en-US.plg_content_joomla.sys.ini</filename>
		<filename>en-US.plg_content_loadmodule.ini</filename>
		<filename>en-US.plg_content_loadmodule.sys.ini</filename>
		<filename>en-US.plg_content_pagebreak.ini</filename>
		<filename>en-US.plg_content_pagebreak.sys.ini</filename>
		<filename>en-US.plg_content_pagenavigation.ini</filename>
		<filename>en-US.plg_content_pagenavigation.sys.ini</filename>
		<filename>en-US.plg_content_vote.ini</filename>
		<filename>en-US.plg_content_vote.sys.ini</filename>
		<filename>en-US.plg_editors_codemirror.ini</filename>
		<filename>en-US.plg_editors_codemirror.sys.ini</filename>
		<filename>en-US.plg_editors_none.ini</filename>
		<filename>en-US.plg_editors_none.sys.ini</filename>
		<filename>en-US.plg_editors_tinymce.ini</filename>
		<filename>en-US.plg_editors_tinymce.sys.ini</filename>
		<filename>en-US.plg_editors-xtd_article.ini</filename>
		<filename>en-US.plg_editors-xtd_article.sys.ini</filename>
		<filename>en-US.plg_editors-xtd_image.ini</filename>
		<filename>en-US.plg_editors-xtd_image.sys.ini</filename>
		<filename>en-US.plg_editors-xtd_pagebreak.ini</filename>
		<filename>en-US.plg_editors-xtd_pagebreak.sys.ini</filename>
		<filename>en-US.plg_editors-xtd_readmore.ini</filename>
		<filename>en-US.plg_editors-xtd_readmore.sys.ini</filename>
		<filename>en-US.plg_extension_joomla.ini</filename>
		<filename>en-US.plg_extension_joomla.sys.ini</filename>
		<filename>en-US.plg_finder_categories.ini</filename>
		<filename>en-US.plg_finder_categories.sys.ini</filename>
		<filename>en-US.plg_finder_contacts.ini</filename>
		<filename>en-US.plg_finder_contacts.sys.ini</filename>
		<filename>en-US.plg_finder_content.ini</filename>
		<filename>en-US.plg_finder_content.sys.ini</filename>
		<filename>en-US.plg_finder_newsfeeds.ini</filename>
		<filename>en-US.plg_finder_newsfeeds.sys.ini</filename>
		<filename>en-US.plg_finder_weblinks.ini</filename>
		<filename>en-US.plg_finder_weblinks.sys.ini</filename>
		<filename>en-US.plg_quickicon_extensionupdate.ini</filename>
		<filename>en-US.plg_quickicon_extensionupdate.sys.ini</filename>
		<filename>en-US.plg_quickicon_joomlaupdate.ini</filename>
		<filename>en-US.plg_quickicon_joomlaupdate.sys.ini</filename>
		<filename>en-US.plg_search_categories.ini</filename>
		<filename>en-US.plg_search_categories.sys.ini</filename>
		<filename>en-US.plg_search_contacts.ini</filename>
		<filename>en-US.plg_search_contacts.sys.ini</filename>
		<filename>en-US.plg_search_content.ini</filename>
		<filename>en-US.plg_search_content.sys.ini</filename>
		<filename>en-US.plg_search_newsfeeds.ini</filename>
		<filename>en-US.plg_search_newsfeeds.sys.ini</filename>
		<filename>en-US.plg_search_weblinks.ini</filename>
		<filename>en-US.plg_search_weblinks.sys.ini</filename>
		<filename>en-US.plg_system_cache.ini</filename>
		<filename>en-US.plg_system_cache.sys.ini</filename>
		<filename>en-US.plg_system_debug.ini</filename>
		<filename>en-US.plg_system_debug.sys.ini</filename>
		<filename>en-US.plg_system_highlight.ini</filename>
		<filename>en-US.plg_system_highlight.sys.ini</filename>
		<filename>en-US.plg_system_languagecode.ini</filename>
		<filename>en-US.plg_system_languagecode.sys.ini</filename>
		<filename>en-US.plg_system_languagefilter.ini</filename>
		<filename>en-US.plg_system_languagefilter.sys.ini</filename>
		<filename>en-US.plg_system_log.ini</filename>
		<filename>en-US.plg_system_log.sys.ini</filename>
		<filename>en-US.plg_system_logout.ini</filename>
		<filename>en-US.plg_system_logout.sys.ini</filename>
		<filename>en-US.plg_system_p3p.ini</filename>
		<filename>en-US.plg_system_p3p.sys.ini</filename>
		<filename>en-US.plg_system_redirect.ini</filename>
		<filename>en-US.plg_system_redirect.sys.ini</filename>
		<filename>en-US.plg_system_remember.ini</filename>
		<filename>en-US.plg_system_remember.sys.ini</filename>
		<filename>en-US.plg_system_sef.ini</filename>
		<filename>en-US.plg_system_sef.sys.ini</filename>
		<filename>en-US.plg_user_contactcreator.ini</filename>
		<filename>en-US.plg_user_contactcreator.sys.ini</filename>
		<filename>en-US.plg_user_joomla.ini</filename>
		<filename>en-US.plg_user_joomla.sys.ini</filename>
		<filename>en-US.plg_user_profile.ini</filename>
		<filename>en-US.plg_user_profile.sys.ini</filename>
		<filename>en-US.tpl_hathor.ini</filename>
		<filename>en-US.tpl_hathor.sys.ini</filename>
		<filename>en-US.tpl_isis.ini</filename>
		<filename>en-US.tpl_isis.sys.ini</filename>
		<filename file="meta">install.xml</filename>
		<filename file="meta">en-US.xml</filename>
	</files>
	<params />
</extension>